{
    "KID_mean": 0.04032818536084108,
    "KID_std": 0.003786478906357585
}